Pig,Sex,Treatment,Growth,Phase,Age_start,Age_end,Days,BW_start_kg,BW_end_kg,ADG_kg_d,Relative_growth_pct_d,Gain_per_initial_BW_pct_d
2,M,GPF80,Fast,Birth-weaning,0,21,21,2.02,7.665,0.268809523809524,6.35031905195554,13.3074021687883
5,M,GPF100,Fast,Birth-weaning,0,21,21,1.755,8.76,0.333571428571429,7.65584308585938,19.006919006919
6,M,GPF80,Fast,Birth-weaning,0,21,21,1.79,8.42,0.315714285714286,7.3733057542932,17.6376695929769
7,F,GPF100,Fast,Birth-weaning,0,21,21,1.595,9.235,0.363809523809524,8.36250894006855,22.8093745335125
10,M,GPF140,Fast,Birth-weaning,0,21,21,1.285,6.43,0.245,7.66769438048736,19.0661478599222
13,F,CPF100,Fast,Birth-weaning,0,21,21,1.41,8.445,0.335,8.52373736128422,23.758865248227
17,F,GPF140,Fast,Birth-weaning,0,21,21,1.21,7.34,0.291904761904762,8.58437372865607,24.1243604879969
18,M,GPF120,Fast,Birth-weaning,0,21,21,1.09,6.66,0.265238095238095,8.61877042052974,24.3337702053298
19,F,GPF120,Fast,Birth-weaning,0,21,21,1.395,7.57,0.294047619047619,8.05380310560014,21.0786823690049
21,M,CPF100,Fast,Birth-weaning,0,21,21,1.3,6.575,0.251190476190476,7.71862054093494,19.3223443223443
29,M,GPF120,Fast,Birth-weaning,0,21,21,1.135,7.045,0.281428571428571,8.69374044960608,24.7954688483323
32,F,GPF120,Fast,Birth-weaning,0,21,21,1.325,6.475,0.245238095238095,7.55493403879722,18.5085354896676
35,M,GPF100,Fast,Birth-weaning,0,21,21,1.015,6.6,0.265952380952381,8.91514779304109,26.202205019939
36,F,GPF100,Fast,Birth-weaning,0,21,21,1.65,7.215,0.265,7.02565192530164,16.0606060606061
39,F,GPF80,Fast,Birth-weaning,0,21,21,1.51,7.8,0.29952380952381,7.81911468032721,19.836013875749
45,M,GPF140,Fast,Birth-weaning,0,21,21,1.435,8.21,0.322619047619048,8.30565749644168,22.4821635971462
48,F,CPF100,Fast,Birth-weaning,0,21,21,2.01,8.255,0.297380952380952,6.7270683585767,14.7950722577588
54,F,GPF80,Fast,Birth-weaning,0,21,21,1.72,7.7,0.284761904761905,7.1376001811156,16.5559246954596
66,M,CPF100,Fast,Birth-weaning,0,21,21,1.91,10.025,0.386428571428571,7.89513681492426,20.2318623784592
72,F,GPF140,Fast,Birth-weaning,0,21,21,1.805,8.21,0.305,7.21329681752139,16.8975069252078
9,F,CPF100,Medium,Birth-weaning,0,21,21,1.42,8.41,0.332857142857143,8.47030763034137,23.4406438631791
11,F,CPF100,Medium,Birth-weaning,0,21,21,1.51,8.235,0.320238095238095,8.077541489537,21.207820876695
12,M,GPF80,Medium,Birth-weaning,0,21,21,1.3,6.13,0.23,7.38490707371728,17.6923076923077
22,F,GPF120,Medium,Birth-weaning,0,21,21,1.435,6.57,0.24452380952381,7.2445189680235,17.0399867263979
23,M,GPF80,Medium,Birth-weaning,0,21,21,1.865,6.68,0.229285714285714,6.07550921167988,12.2941401761777
26,F,GPF100,Medium,Birth-weaning,0,21,21,1.38,8.345,0.331666666666667,8.56942408545088,24.0338164251208
30,M,GPF120,Medium,Birth-weaning,0,21,21,1.325,6.5,0.246428571428571,7.57328436887336,18.5983827493261
31,M,GPF120,Medium,Birth-weaning,0,21,21,1.36,7.145,0.27547619047619,7.899657674447,20.2556022408964
34,M,GPF140,Medium,Birth-weaning,0,21,21,1.42,5.67,0.202380952380952,6.59301069584044,14.2521797451375
38,F,GPF140,Medium,Birth-weaning,0,21,21,1.26,7.98,0.32,8.78965090713491,25.3968253968254
43,F,GPF100,Medium,Birth-weaning,0,21,21,1.595,8.165,0.312857142857143,7.77610947707438,19.61486789073
46,M,CPF100,Medium,Birth-weaning,0,21,21,1.36,8.26,0.328571428571429,8.59018994183298,24.1596638655462
50,M,GPF100,Medium,Birth-weaning,0,21,21,1.33,6.685,0.255,7.68898699200116,19.1729323308271
51,F,GPF140,Medium,Birth-weaning,0,21,21,1.495,4.76,0.15547619047619,5.51486410190799,10.3997451823539
52,F,GPF120,Medium,Birth-weaning,0,21,21,1.57,7.775,0.295476190476191,7.61827542240515,18.8201395207765
58,M,GPF100,Medium,Birth-weaning,0,21,21,1.895,7.775,0.28,6.72235533109956,14.7757255936675
59,M,GPF140,Medium,Birth-weaning,0,21,21,1.72,7.55,0.277619047619048,7.04392034493129,16.140642303433
64,F,GPF80,Medium,Birth-weaning,0,21,21,1.7,9.375,0.36547619047619,8.13056343235383,21.4985994397759
71,M,CPF100,Medium,Birth-weaning,0,21,21,1.885,7.535,0.269047619047619,6.59824291037374,14.2730832386005
1,M,GPF120,Slow,Birth-weaning,0,21,21,0.975,6.485,0.262380952380952,9.02290297977475,26.9108669108669
4,F,GPF100,Slow,Birth-weaning,0,21,21,1.16,5.565,0.209761904761905,7.46703323623445,18.0829228243021
8,M,CPF100,Slow,Birth-weaning,0,21,21,0.96,6.37,0.257619047619048,9.01153078144918,26.8353174603175
15,M,CPF100,Slow,Birth-weaning,0,21,21,1.28,7.39,0.290952380952381,8.34889360489802,22.7306547619048
20,F,GPF140,Slow,Birth-weaning,0,21,21,1.525,7.825,0.3,7.78728250650877,19.672131147541
24,M,GPF80,Slow,Birth-weaning,0,21,21,1.445,7.51,0.288809523809524,7.84821973434118,19.9868182567145
25,F,GPF100,Slow,Birth-weaning,0,21,21,1.355,7.2,0.278333333333333,7.9537122461445,20.5412054120541
27,M,GPF80,Slow,Birth-weaning,0,21,21,1.44,7.845,0.305,8.07253939331946,21.1805555555556
28,F,GPF80,Slow,Birth-weaning,0,21,21,1.25,7.4,0.292857142857143,8.46826880426626,23.4285714285714
33,F,CPF100,Slow,Birth-weaning,0,21,21,1.22,6.84,0.267619047619048,8.20922320423473,21.935987509758
37,M,GPF100,Slow,Birth-weaning,0,21,21,1.715,4.16,0.116428571428571,4.21953330312033,6.78883798417326
41,M,GPF100,Slow,Birth-weaning,0,21,21,1.4,7.45,0.288095238095238,7.9606752179536,20.578231292517
47,F,GPF80,Slow,Birth-weaning,0,21,21,1.51,6.43,0.234285714285714,6.89935660677474,15.515610217597
55,M,GPF140,Slow,Birth-weaning,0,21,21,1.83,9.245,0.353095238095238,7.71317570469409,19.2948217538381
56,F,GPF120,Slow,Birth-weaning,0,21,21,1.43,7.64,0.295714285714286,7.97963409003149,20.6793206793207
60,F,CPF100,Slow,Birth-weaning,0,21,21,1.655,5.52,0.184047619047619,5.73608024504751,11.1207020572579
61,F,GPF120,Slow,Birth-weaning,0,21,21,1.405,5.295,0.185238095238095,6.31774131556029,13.1842060667683
65,F,GPF140,Slow,Birth-weaning,0,21,21,2.04,9.01,0.331904761904762,7.07326316078153,16.2698412698413
68,M,GPF140,Slow,Birth-weaning,0,21,21,1.675,6.545,0.231904761904762,6.48994397183254,13.8450604122246
69,M,GPF120,Slow,Birth-weaning,0,21,21,1.005,6.68,0.270238095238095,9.01966879065484,26.8893627102582
2,M,GPF80,Fast,Weaning-selection,21,65,44,7.665,31.1,0.532613636363636,3.18305297013957,6.94864496234359
5,M,GPF100,Fast,Weaning-selection,21,65,44,8.76,32.1,0.530454545454546,2.95150028451743,6.05541718555417
6,M,GPF80,Fast,Weaning-selection,21,65,44,8.42,35,0.604090909090909,3.23804143917086,7.17447635499892
7,F,GPF100,Fast,Weaning-selection,21,65,44,9.235,31.2,0.499204545454545,2.76685791173689,5.40557168873357
10,M,GPF140,Fast,Weaning-selection,21,65,44,6.43,31.3,0.565227272727273,3.5969171802195,8.7904708044677
13,F,CPF100,Fast,Weaning-selection,21,65,44,8.445,30.6,0.503522727272727,2.92596695158766,5.96237687711933
17,F,GPF140,Fast,Weaning-selection,21,65,44,7.34,31.7,0.553636363636364,3.32494963240184,7.54272974981422
18,M,GPF120,Fast,Weaning-selection,21,65,44,6.66,31.6,0.566818181818182,3.5387219000922,8.51078351078351
19,F,GPF120,Fast,Weaning-selection,21,65,44,7.57,34.2,0.605227272727273,3.42734676504364,7.99507625795605
21,M,CPF100,Fast,Weaning-selection,21,65,44,6.575,32.9,0.598295454545455,3.65954109024431,9.09955063947459
29,M,GPF120,Fast,Weaning-selection,21,65,44,7.045,28.8,0.494431818181818,3.20013009498013,7.01819472224015
32,F,GPF120,Fast,Weaning-selection,21,65,44,6.475,30,0.534659090909091,3.48465630471944,8.25728325728326
35,M,GPF100,Fast,Weaning-selection,21,65,44,6.6,29.5,0.520454545454545,3.40300139616681,7.88567493112948
36,F,GPF100,Fast,Weaning-selection,21,65,44,7.215,31.7,0.556477272727273,3.36398747422137,7.71278271278271
39,F,GPF80,Fast,Weaning-selection,21,65,44,7.8,31.9,0.547727272727273,3.20109608203467,7.02214452214452
45,M,GPF140,Fast,Weaning-selection,21,65,44,8.21,33.6,0.577045454545455,3.20266623523823,7.02856826486546
48,F,CPF100,Fast,Weaning-selection,21,65,44,8.255,36.1,0.632840909090909,3.35334951810623,7.6661527448929
54,F,GPF80,Fast,Weaning-selection,21,65,44,7.7,37.2,0.670454545454546,3.57974643731696,8.70720188902007
66,M,CPF100,Fast,Weaning-selection,21,65,44,10.025,38.3,0.642613636363636,3.0462907340772,6.41011108592156
72,F,GPF140,Fast,Weaning-selection,21,65,44,8.21,32.7,0.556590909090909,3.14095944190652,6.77942642010852
9,F,CPF100,Medium,Weaning-selection,21,65,44,8.41,31.8,0.531590909090909,3.02282912682108,6.32093827694303
11,F,CPF100,Medium,Weaning-selection,21,65,44,8.235,35.7,0.624204545454546,3.33353937535452,7.5798973339957
12,M,GPF80,Medium,Weaning-selection,21,65,44,6.13,31.6,0.578863636363636,3.72718720601079,9.44312620495329
22,F,GPF120,Medium,Weaning-selection,21,65,44,6.57,32.3,0.584772727272727,3.61943954030021,8.9006503390065
23,M,GPF80,Medium,Weaning-selection,21,65,44,6.68,27.7,0.477727272727273,3.23253278555622,7.15160587915079
26,F,GPF100,Medium,Weaning-selection,21,65,44,8.345,32,0.537613636363636,3.0547121492862,6.44234435426766
30,M,GPF120,Medium,Weaning-selection,21,65,44,6.5,29.1,0.513636363636364,3.40667272108149,7.9020979020979
31,M,GPF120,Medium,Weaning-selection,21,65,44,7.145,27.1,0.453522727272727,3.02982026478142,6.34741395763089
34,M,GPF140,Medium,Weaning-selection,21,65,44,5.67,26.8,0.480227272727273,3.5300290222208,8.46961680295014
38,F,GPF140,Medium,Weaning-selection,21,65,44,7.98,34.6,0.605,3.33389834227718,7.58145363408521
43,F,GPF100,Medium,Weaning-selection,21,65,44,8.165,30.8,0.514431818181818,3.01740446262977,6.30045092690531
46,M,CPF100,Medium,Weaning-selection,21,65,44,8.26,30.3,0.500909090909091,2.9539161931419,6.0642747083425
50,M,GPF100,Medium,Weaning-selection,21,65,44,6.685,27.7,0.477613636363636,3.23083227872588,7.14455701366696
51,F,GPF140,Medium,Weaning-selection,21,65,44,4.76,27.8,0.523636363636364,4.01088261921196,11.0007639419404
52,F,GPF120,Medium,Weaning-selection,21,65,44,7.775,35.3,0.625568181818182,3.43856705880444,8.04589301373867
58,M,GPF100,Medium,Weaning-selection,21,65,44,7.775,31.7,0.54375,3.19409823367713,6.9935691318328
59,M,GPF140,Medium,Weaning-selection,21,65,44,7.55,31.3,0.539772727272727,3.23197848701176,7.14930764599639
64,F,GPF80,Medium,Weaning-selection,21,65,44,9.375,34.4,0.56875,2.95456816482472,6.06666666666667
71,M,CPF100,Medium,Weaning-selection,21,65,44,7.535,28.9,0.485568181818182,3.05518809781802,6.44416963262351
1,M,GPF120,Slow,Weaning-selection,21,65,44,6.485,29,0.511704545454545,3.40410002776833,7.89058666853578
4,F,GPF100,Slow,Weaning-selection,21,65,44,5.565,25.3,0.448522727272727,3.44160775228629,8.05970758800947
8,M,CPF100,Slow,Weaning-selection,21,65,44,6.37,25.1,0.425681818181818,3.11651903762197,6.68260311117454
15,M,CPF100,Slow,Weaning-selection,21,65,44,7.39,31.9,0.557045454545455,3.32381426097884,7.53782753106163
20,F,GPF140,Slow,Weaning-selection,21,65,44,7.825,29.1,0.483522727272727,2.98503281307098,6.17920418239907
24,M,GPF80,Slow,Weaning-selection,21,65,44,7.51,29.4,0.4975,3.10172547401953,6.62450066577896
25,F,GPF100,Slow,Weaning-selection,21,65,44,7.2,29.5,0.506818181818182,3.20524826664492,7.03914141414141
27,M,GPF80,Slow,Weaning-selection,21,65,44,7.845,30.3,0.510340909090909,3.07107119620529,6.50530158178342
28,F,GPF80,Slow,Weaning-selection,21,65,44,7.4,29.9,0.511363636363636,3.17358745496936,6.91031941031941
33,F,CPF100,Slow,Weaning-selection,21,65,44,6.84,23.5,0.378636363636364,2.80502883980831,5.53561935140883
37,M,GPF100,Slow,Weaning-selection,21,65,44,4.16,23.9,0.448636363636364,3.9735531469643,10.784527972028
41,M,GPF100,Slow,Weaning-selection,21,65,44,7.45,33.8,0.598863636363636,3.43692447749433,8.03843807199512
47,F,GPF80,Slow,Weaning-selection,21,65,44,6.43,23.8,0.394772727272727,2.97434327824523,6.13954474763184
55,M,GPF140,Slow,Weaning-selection,21,65,44,9.245,38.1,0.655795454545455,3.21848049384902,7.0935149220709
56,F,GPF120,Slow,Weaning-selection,21,65,44,7.64,30.8,0.526363636363636,3.16844792454796,6.88957639219419
60,F,CPF100,Slow,Weaning-selection,21,65,44,5.52,25.6,0.456363636363636,3.48685111635571,8.26745718050066
61,F,GPF120,Slow,Weaning-selection,21,65,44,5.295,24.6,0.43875,3.49087150882943,8.28611898016997
65,F,GPF140,Slow,Weaning-selection,21,65,44,9.01,29.3,0.461136363636364,2.68011919182449,5.11805065079205
68,M,GPF140,Slow,Weaning-selection,21,65,44,6.545,30.5,0.544431818181818,3.49778473693523,8.31828599208278
69,M,GPF120,Slow,Weaning-selection,21,65,44,6.68,27.8,0.48,3.24072280260918,7.18562874251497
2,M,GPF80,Fast,Selection-start,65,77,12,31.1,45.1,1.16666666666667,3.09728689436204,3.7513397642015
5,M,GPF100,Fast,Selection-start,65,77,12,32.1,43.2,0.925,2.47487054261745,2.8816199376947
6,M,GPF80,Fast,Selection-start,65,77,12,35,48.5,1.125,2.7184644704502,3.21428571428571
7,F,GPF100,Fast,Selection-start,65,77,12,31.2,42.5,0.941666666666667,2.57571650929112,3.01816239316239
10,M,GPF140,Fast,Selection-start,65,77,12,31.3,44.9,1.13333333333333,3.00683081001751,3.62087326943557
13,F,CPF100,Fast,Selection-start,65,77,12,30.6,44.3,1.14166666666667,3.08320556743962,3.73093681917211
17,F,GPF140,Fast,Selection-start,65,77,12,31.7,43.9,1.01666666666667,2.71331365998242,3.20715036803365
18,M,GPF120,Fast,Selection-start,65,77,12,31.6,44.4,1.06666666666667,2.83401957371094,3.37552742616034
19,F,GPF120,Fast,Selection-start,65,77,12,34.2,49.4,1.26666666666667,3.06437316771098,3.7037037037037
21,M,CPF100,Fast,Selection-start,65,77,12,32.9,47,1.175,2.97229119948944,3.57142857142857
29,M,GPF120,Fast,Selection-start,65,77,12,28.8,41.8,1.08333333333333,3.10434126990675,3.76157407407407
32,F,GPF120,Fast,Selection-start,65,77,12,30,42.4,1.03333333333333,2.88292483813131,3.44444444444444
35,M,GPF100,Fast,Selection-start,65,77,12,29.5,39.8,0.858333333333333,2.49563874120515,2.90960451977401
36,F,GPF100,Fast,Selection-start,65,77,12,31.7,43.7,1,2.67526184348591,3.15457413249211
39,F,GPF80,Fast,Selection-start,65,77,12,31.9,46.7,1.23333333333333,3.17615129070044,3.8662486938349
45,M,GPF140,Fast,Selection-start,65,77,12,33.6,47.2,1.13333333333333,2.83223188018626,3.37301587301587
48,F,CPF100,Fast,Selection-start,65,77,12,36.1,49.8,1.14166666666667,2.68101765576477,3.16251154201293
54,F,GPF80,Fast,Selection-start,65,77,12,37.2,51.9,1.225,2.77508357410618,3.29301075268817
66,M,CPF100,Fast,Selection-start,65,77,12,38.3,51.2,1.075,2.41908029882385,2.80678851174935
72,F,GPF140,Fast,Selection-start,65,77,12,32.7,47.5,1.23333333333333,3.11128860947823,3.77166156982671
9,F,CPF100,Medium,Selection-start,65,78,13,31.8,44.7,0.992307692307692,2.61928624487225,3.12046444121916
11,F,CPF100,Medium,Selection-start,65,78,13,35.7,49,1.02307692307692,2.43592007173102,2.8657616892911
12,M,GPF80,Medium,Selection-start,65,78,13,31.6,44.7,1.00769230769231,2.66781831558967,3.18889970788705
22,F,GPF120,Medium,Selection-start,65,78,13,32.3,46.4,1.08461538461538,2.78640176156614,3.35794236723029
23,M,GPF80,Medium,Selection-start,65,78,13,27.7,41.4,1.05384615384615,3.09114205875366,3.80449875034713
26,F,GPF100,Medium,Selection-start,65,78,13,32,45.6,1.04615384615385,2.72439856708165,3.26923076923077
30,M,GPF120,Medium,Selection-start,65,78,13,29.1,42.3,1.01538461538462,2.87729932211373,3.48929421094369
31,M,GPF120,Medium,Selection-start,65,78,13,27.1,40.1,1,3.01417389559129,3.690036900369
34,M,GPF140,Medium,Selection-start,65,78,13,26.8,39.3,0.961538461538461,2.94478947198773,3.58783008036739
38,F,GPF140,Medium,Selection-start,65,78,13,34.6,48.9,1.1,2.66095164936267,3.17919075144509
43,F,GPF100,Medium,Selection-start,65,78,13,30.8,45.8,1.15384615384615,3.05207231646623,3.74625374625375
46,M,CPF100,Medium,Selection-start,65,78,13,30.3,43.5,1.01538461538462,2.78164019676396,3.35110434120335
50,M,GPF100,Medium,Selection-start,65,78,13,27.7,39.5,0.907692307692308,2.72975583625987,3.27686753679534
51,F,GPF140,Medium,Selection-start,65,78,13,27.8,42.4,1.12307692307692,3.24701801185631,4.03984504703929
52,F,GPF120,Medium,Selection-start,65,78,13,35.3,49.7,1.10769230769231,2.63170745510255,3.13793854870342
58,M,GPF100,Medium,Selection-start,65,78,13,31.7,46,1.1,2.86403627389123,3.47003154574133
59,M,GPF140,Medium,Selection-start,65,78,13,31.3,44.5,1.01538461538462,2.70670070481606,3.24404030474318
64,F,GPF80,Medium,Selection-start,65,78,13,34.4,47.8,1.03076923076923,2.53053134706198,2.99642218246869
71,M,CPF100,Medium,Selection-start,65,78,13,28.9,43.6,1.13076923076923,3.16319657874309,3.91269630023955
1,M,GPF120,Slow,Selection-start,65,80,15,29,42.6,0.906666666666667,2.56372282192567,3.1264367816092
4,F,GPF100,Slow,Selection-start,65,80,15,25.3,39.6,0.953333333333333,2.98683148351307,3.76811594202899
8,M,CPF100,Slow,Selection-start,65,80,15,25.1,38.6,0.9,2.86922953555364,3.58565737051793
15,M,CPF100,Slow,Selection-start,65,80,15,31.9,46.2,0.953333333333334,2.46915858864596,2.98850574712644
20,F,GPF140,Slow,Selection-start,65,80,15,29.1,44.8,1.04666666666667,2.87646643495662,3.59679266895762
24,M,GPF80,Slow,Selection-start,65,80,15,29.4,44.8,1.02666666666667,2.80808976717536,3.49206349206349
25,F,GPF100,Slow,Selection-start,65,80,15,29.5,44.9,1.02666666666667,2.80031687601623,3.48022598870056
27,M,GPF80,Slow,Selection-start,65,80,15,30.3,44.8,0.966666666666666,2.60706951270411,3.19031903190319
28,F,GPF80,Slow,Selection-start,65,80,15,29.9,46.4,1.1,2.92960652557046,3.67892976588629
33,F,CPF100,Slow,Selection-start,65,80,15,23.5,38.1,0.973333333333333,3.22142573988361,4.14184397163121
37,M,GPF100,Slow,Selection-start,65,80,15,23.9,40.1,1.08,3.44998583583372,4.51882845188285
41,M,GPF100,Slow,Selection-start,65,80,15,33.8,48.4,0.973333333333333,2.39359340822409,2.87968441814596
47,F,GPF80,Slow,Selection-start,65,80,15,23.8,38.1,0.953333333333333,3.13685800970151,4.00560224089636
55,M,GPF140,Slow,Selection-start,65,80,15,38.1,54.8,1.11333333333333,2.42317274547543,2.92213473315835
56,F,GPF120,Slow,Selection-start,65,80,15,30.8,47.8,1.13333333333333,2.93007299678587,3.67965367965368
60,F,CPF100,Slow,Selection-start,65,80,15,25.6,41.9,1.08666666666667,3.28462316961717,4.24479166666667
61,F,GPF120,Slow,Selection-start,65,80,15,24.6,40.6,1.06666666666667,3.3401441577958,4.3360433604336
65,F,GPF140,Slow,Selection-start,65,80,15,29.3,43,0.913333333333333,2.55741733113694,3.11717861205916
68,M,GPF140,Slow,Selection-start,65,80,15,30.5,46.2,1.04666666666667,2.76835409649551,3.43169398907104
69,M,GPF120,Slow,Selection-start,65,80,15,27.8,42.3,0.966666666666666,2.79834043570427,3.47721822541966
2,M,GPF80,Fast,Treatment,77,98,21,45.1,73.7,1.36190476190476,2.3386692985079,3.01974448315912
5,M,GPF100,Fast,Treatment,77,98,21,43.2,69.3,1.24285714285714,2.25049719497996,2.87698412698413
6,M,GPF80,Fast,Treatment,77,98,21,48.5,73.7,1.2,1.99256667262788,2.47422680412371
7,F,GPF100,Fast,Treatment,77,98,21,42.5,67.5,1.19047619047619,2.20296915213387,2.80112044817927
10,M,GPF140,Fast,Treatment,77,98,21,44.9,71.3,1.25714285714286,2.20218348891448,2.79987273305759
13,F,CPF100,Fast,Treatment,77,98,21,44.3,70.2,1.23333333333333,2.19220778086036,2.78404815650865
17,F,GPF140,Fast,Treatment,77,98,21,43.9,66.1,1.05714285714286,1.94883060369769,2.40807028961926
18,M,GPF120,Fast,Treatment,77,98,21,44.4,66.5,1.05238095238095,1.92363084868395,2.37022737022737
19,F,GPF120,Fast,Treatment,77,98,21,49.4,73.7,1.15714285714286,1.90501130953055,2.34239444765761
21,M,CPF100,Fast,Treatment,77,98,21,47,72.1,1.19523809523809,2.03764972657545,2.54305977710233
29,M,GPF120,Fast,Treatment,77,98,21,41.8,67.6,1.22857142857143,2.28910306437242,2.93916609706083
32,F,GPF120,Fast,Treatment,77,98,21,42.4,68.5,1.24285714285714,2.28421610966794,2.93126684636119
35,M,GPF100,Fast,Treatment,77,98,21,39.8,67.7,1.32857142857143,2.52961556013256,3.3381191672649
36,F,GPF100,Fast,Treatment,77,98,21,43.7,72.7,1.38095238095238,2.42377753541871,3.1600740982892
39,F,GPF80,Fast,Treatment,77,98,21,46.7,69.1,1.06666666666667,1.86576460047035,2.28408279800143
45,M,GPF140,Fast,Treatment,77,98,21,47.2,71.8,1.17142857142857,1.99757420696509,2.4818401937046
48,F,CPF100,Fast,Treatment,77,98,21,49.8,76.8,1.28571428571429,2.06280788630009,2.58175559380379
54,F,GPF80,Fast,Treatment,77,98,21,51.9,78.7,1.27619047619048,1.98249697738816,2.45894118726489
66,M,CPF100,Fast,Treatment,77,98,21,51.2,81.9,1.46190476190476,2.2369498038741,2.85528273809524
72,F,GPF140,Fast,Treatment,77,98,21,47.5,73.3,1.22857142857143,2.0658614183429,2.58646616541353
9,F,CPF100,Medium,Treatment,78,99,21,44.7,70.4,1.22380952380952,2.16295124544988,2.73782891232556
11,F,CPF100,Medium,Treatment,78,99,21,49,70.2,1.00952380952381,1.71203815676733,2.06025267249757
12,M,GPF80,Medium,Treatment,78,99,21,44.7,72.7,1.33333333333333,2.31603753771405,2.98284862043251
22,F,GPF120,Medium,Treatment,78,99,21,46.4,69.2,1.08571428571429,1.90334001614959,2.33990147783251
23,M,GPF80,Medium,Treatment,78,99,21,41.4,66.6,1.2,2.26392236530988,2.89855072463768
26,F,GPF100,Medium,Treatment,78,99,21,45.6,69.3,1.12857142857143,1.99303423655008,2.4749373433584
30,M,GPF120,Medium,Treatment,78,99,21,42.3,63.1,0.990476190476191,1.90444611188065,2.34155127772149
31,M,GPF120,Medium,Treatment,78,99,21,40.1,64.4,1.15714285714286,2.25589189903707,2.88564303526897
34,M,GPF140,Medium,Treatment,78,99,21,39.3,65.6,1.25238095238095,2.43976750988014,3.18671998061311
38,F,GPF140,Medium,Treatment,78,99,21,48.9,73.7,1.18095238095238,1.95345429864031,2.4150355438699
43,F,GPF100,Medium,Treatment,78,99,21,45.8,73,1.2952380952381,2.21988261918215,2.82803077562903
46,M,CPF100,Medium,Treatment,78,99,21,43.5,65.8,1.06190476190476,1.97075666779349,2.44116037219485
50,M,GPF100,Medium,Treatment,78,99,21,39.5,64.1,1.17142857142857,2.30544615247404,2.96564195298372
51,F,GPF140,Medium,Treatment,78,99,21,42.4,71.5,1.38571428571429,2.48832898791452,3.26819407008086
52,F,GPF120,Medium,Treatment,78,99,21,49.7,75.6,1.23333333333333,1.99738738134716,2.48155600268276
58,M,GPF100,Medium,Treatment,78,99,21,46,66.5,0.976190476190476,1.75505024367959,2.12215320910973
59,M,GPF140,Medium,Treatment,78,99,21,44.5,70.8,1.25238095238095,2.21128481679752,2.8143392188336
64,F,GPF80,Medium,Treatment,78,99,21,47.8,71.4,1.12380952380952,1.91082014213395,2.35106594939231
71,M,CPF100,Medium,Treatment,78,99,21,43.6,69.7,1.24285714285714,2.23401508291185,2.85058977719528
1,M,GPF120,Slow,Treatment,80,101,21,42.6,67.4,1.18095238095238,2.18471792687112,2.77218868768165
4,F,GPF100,Slow,Treatment,80,101,21,39.6,58.2,0.885714285714286,1.83360112608075,2.23665223665224
8,M,CPF100,Slow,Treatment,80,101,21,38.6,59,0.971428571428571,2.02040555921397,2.51665433012583
15,M,CPF100,Slow,Treatment,80,101,21,46.2,69,1.08571428571429,1.91012717385508,2.35003092145949
20,F,GPF140,Slow,Treatment,80,101,21,44.8,67.9,1.1,1.98013283401767,2.45535714285714
24,M,GPF80,Slow,Treatment,80,101,21,44.8,67.6,1.08571428571429,1.95904687441895,2.4234693877551
25,F,GPF100,Slow,Treatment,80,101,21,44.9,68.4,1.11904761904762,2.00445252323951,2.49231095556263
27,M,GPF80,Slow,Treatment,80,101,21,44.8,65.3,0.976190476190476,1.79420903267355,2.17899659863946
28,F,GPF80,Slow,Treatment,80,101,21,46.4,66.4,0.952380952380953,1.70665522500085,2.05254515599343
33,F,CPF100,Slow,Treatment,80,101,21,38.1,58.5,0.971428571428571,2.04196415288169,2.54968128983877
37,M,GPF100,Slow,Treatment,80,101,21,40.1,62.6,1.07142857142857,2.12089973235014,2.67189169932312
41,M,GPF100,Slow,Treatment,80,101,21,48.4,73.4,1.19047619047619,1.98297200903754,2.45966155057064
47,F,GPF80,Slow,Treatment,80,101,21,38.1,58.4,0.966666666666667,2.03381717953108,2.53718285214348
55,M,GPF140,Slow,Treatment,80,101,21,54.8,80.6,1.22857142857143,1.83718312170768,2.24191866527633
56,F,GPF120,Slow,Treatment,80,101,21,47.8,70.7,1.09047619047619,1.86390444478627,2.28133094241881
60,F,CPF100,Slow,Treatment,80,101,21,41.9,64.1,1.05714285714286,2.02456446189777,2.52301397886123
61,F,GPF120,Slow,Treatment,80,101,21,40.6,64.8,1.15238095238095,2.22636922262163,2.83837673000235
65,F,GPF140,Slow,Treatment,80,101,21,43,70,1.28571428571429,2.32045298264665,2.99003322259136
68,M,GPF140,Slow,Treatment,80,101,21,46.2,75,1.37142857142857,2.30718245451722,2.96846011131725
69,M,GPF120,Slow,Treatment,80,101,21,42.3,68.3,1.23809523809524,2.28153657392625,2.92693909715186
